route,kind,hinting,kern,text,icons,coverage,switches,shot_sha256,top_failing,top_failing_regions,top_text_failing,top_text_failing_regions,g5_edge_max_px,g5_edge_sum_px,text_mad_mean,text_ssim_mean,vector_mad_mean,hud_mad,hud_ssim,worst,chip_left_x,mass_r15,mass_r17,mass_r24,mass_r26,mass_r35,mass_r37,mass_r46,mass_r51,mass_r53,mass_r60,mass_r61,mass_r68,mass_min,mass_max,mass_mean,chosen
frac_none_on,matrix,None,on,frac,svg,default,-HudHinting=None -HudKern=on -HudText=frac -HudIcons=svg,2d9ce9255f40,2,top.clock top.menu,0,,1,14.0,8.931,0.9219,2.746,0.892,0.9896,top.clock 5.390 (G4),8/111/198/285,-0.2221,-0.0617,-0.2334,-0.0863,-0.2175,-0.0551,-0.2201,-0.1935,-0.1118,-0.0644,-0.277,-0.313,-0.313,-0.0551,-0.1713,
frac_none_off,matrix,None,off,frac,svg,default,-HudHinting=None -HudKern=off -HudText=frac -HudIcons=svg,10012d6d5b9a,2,top.clock top.menu,0,,1,13.0,8.933,0.9218,2.746,0.891,0.9899,top.clock 5.390 (G4),8/111/198/285,-0.2221,-0.0617,-0.2334,-0.0863,-0.2175,-0.0551,-0.2201,-0.1935,-0.1118,-0.0644,-0.277,-0.313,-0.313,-0.0551,-0.1713,
frac_default_on,matrix,Default,on,frac,svg,default,-HudHinting=Default -HudKern=on -HudText=frac -HudIcons=svg,1b52ebf7c664,7,top.alertlog top.chip.aether top.chip.gold top.chip.iron top.chip.supply top.clock top.menu,5,top.alertlog top.chip.aether top.chip.gold top.chip.iron top.chip.supply,1,26.0,12.625,0.8419,2.746,1.178,0.9836,top.clock 5.390 (G4),8/111/198/285,-0.1571,-0.09,-0.18,-0.134,-0.1451,-0.0952,-0.1558,-0.2159,-0.0908,-0.101,-0.2219,-0.2795,-0.2795,-0.09,-0.1555,
frac_default_off,matrix,Default,off,frac,svg,default,-HudHinting=Default -HudKern=off -HudText=frac -HudIcons=svg,473bf24bdf89,7,top.alertlog top.chip.aether top.chip.gold top.chip.iron top.chip.supply top.clock top.menu,5,top.alertlog top.chip.aether top.chip.gold top.chip.iron top.chip.supply,1,26.0,12.609,0.8413,2.746,1.175,0.9834,top.clock 5.390 (G4),8/111/198/285,-0.1571,-0.09,-0.18,-0.134,-0.1451,-0.0952,-0.1558,-0.2159,-0.0905,-0.101,-0.2219,-0.2795,-0.2795,-0.09,-0.1555,
frac_autolight_on,matrix,AutoLight,on,frac,svg,default,-HudHinting=AutoLight -HudKern=on -HudText=frac -HudIcons=svg,7b8d1ce3327d,7,top.alertlog top.chip.aether top.chip.gold top.chip.iron top.chip.supply top.clock top.menu,5,top.alertlog top.chip.aether top.chip.gold top.chip.iron top.chip.supply,1,23.0,11.85,0.862,2.746,1.122,0.9849,top.clock 5.390 (G4),8/111/198/285,-0.162,-0.0856,-0.1756,-0.1109,-0.1599,-0.0758,-0.163,-0.2085,-0.0848,-0.1126,-0.248,-0.2571,-0.2571,-0.0758,-0.1536,
frac_autolight_off,matrix,AutoLight,off,frac,svg,default,-HudHinting=AutoLight -HudKern=off -HudText=frac -HudIcons=svg,d1f89d5d2975,7,top.alertlog top.chip.aether top.chip.gold top.chip.iron top.chip.supply top.clock top.menu,5,top.alertlog top.chip.aether top.chip.gold top.chip.iron top.chip.supply,1,22.0,11.842,0.862,2.746,1.119,0.9852,top.clock 5.390 (G4),8/111/198/285,-0.162,-0.0856,-0.1756,-0.1109,-0.1599,-0.0758,-0.163,-0.2085,-0.0848,-0.1126,-0.248,-0.2571,-0.2571,-0.0758,-0.1536,
block_best_on,matrix,None,on,block,svg,default,-HudHinting=None -HudKern=on -HudText=block -HudIcons=svg,3421c8bed1ec,6,top.chip.aether top.chip.gold top.chip.iron top.chip.supply top.clock top.menu,0,,1,12.0,9.115,0.9182,2.746,2.223,0.9439,top.chip.gold 20.000 (G2),8/112/200/288,-0.2221,-0.0617,-0.2334,-0.0863,-0.2175,-0.0551,-0.2201,-0.1935,-0.1118,-0.0644,-0.277,-0.313,-0.313,-0.0551,-0.1713,
png_best_on,matrix,None,on,frac,png,default,-HudHinting=None -HudKern=on -HudText=frac -HudIcons=png,8da922f57bed,1,top.clock,0,,1,14.0,8.931,0.9219,0.147,0.828,0.9901,top.clock 5.390 (G4),8/111/198/285,-0.2221,-0.0617,-0.2334,-0.0863,-0.2175,-0.0551,-0.2201,-0.1935,-0.1118,-0.0644,-0.277,-0.313,-0.313,-0.0551,-0.1713,CHOSEN
cov_legacy_default_on,candidate,Default,on,frac,svg,Slate.EnableLegacyFontHinting=1,-HudHinting=Default -HudKern=on -HudText=frac -HudIcons=svg -ini:Engine:[ConsoleVariables]:Slate.EnableLegacyFontHinting=1,1b52ebf7c664,7,top.alertlog top.chip.aether top.chip.gold top.chip.iron top.chip.supply top.clock top.menu,5,top.alertlog top.chip.aether top.chip.gold top.chip.iron top.chip.supply,1,26.0,12.625,0.8419,2.746,1.178,0.9836,top.clock 5.390 (G4),8/111/198/285,-0.1571,-0.09,-0.18,-0.134,-0.1451,-0.0952,-0.1558,-0.2159,-0.0908,-0.101,-0.2219,-0.2795,-0.2795,-0.09,-0.1555,
cov_auto_on,candidate,Auto,on,frac,svg,hinting=Auto (FT_LOAD_FORCE_AUTOHINT),-HudHinting=Auto -HudKern=on -HudText=frac -HudIcons=svg,1b52ebf7c664,7,top.alertlog top.chip.aether top.chip.gold top.chip.iron top.chip.supply top.clock top.menu,5,top.alertlog top.chip.aether top.chip.gold top.chip.iron top.chip.supply,1,26.0,12.625,0.8419,2.746,1.178,0.9836,top.clock 5.390 (G4),8/111/198/285,-0.1571,-0.09,-0.18,-0.134,-0.1451,-0.0952,-0.1558,-0.2159,-0.0908,-0.101,-0.2219,-0.2795,-0.2795,-0.09,-0.1555,
