element,text,family,weight,size_px,glyphs,chromium_w,exact_w,block_w,frac_w,block_err,frac_err,frac_naive_err,kern_px,kern_pairs
15,340,JetBrains Mono,600,15.0,3,27,27.0,27.0,27.0,0.0,0.0,0.0,0.0,0
17,+18,JetBrains Mono,500,11.0,3,19.81,19.8,21.0,19.875,0.8,0.4,0.4,0.0,0
24,60,JetBrains Mono,600,15.0,2,18,18.0,18.0,18.0,0.0,0.0,0.0,0.0,0
26,+6,JetBrains Mono,500,11.0,2,13.2,13.2,14.0,13.25,0.4,0.4,0.4,0.0,0
35,20,JetBrains Mono,600,15.0,2,18,18.0,18.0,18.0,0.0,0.0,0.0,0.0,0
37,+2,JetBrains Mono,500,11.0,2,13.2,13.2,14.0,13.25,0.4,0.4,0.4,0.0,0
46,9 / 20,JetBrains Mono,600,15.0,6,54,54.0,54.0,54.0,0.0,0.0,0.0,0.0,0
51,2:14,JetBrains Mono,600,18.0,4,43.2,43.2,44.0,43.25,0.6,0.4,0.4,0.0,0
53,Normal · ×1.0,Inter,500,12.0,13,75.72,76.025,77.0,76.0,0.721,0.451,0.451,0.152,1
60,3,JetBrains Mono,600,13.0,1,7.81,7.8,8.0,7.8125,0.0,0.0,0.0,0.0,0
61,Menu,Inter,500,12.0,4,32.44,32.438,32.0,32.5,0.219,0.219,0.219,0.0,0
68,F10,JetBrains Mono,600,10.0,3,18,18.0,18.0,18.0,0.0,0.0,0.0,0.0,0
77,Acolyte idle at the west wells,Inter,500,13.0,30,180.08,180.077,178.0,179.875,2.326,0.551,0.551,-0.355,7
79,Space,JetBrains Mono,600,10.0,5,30,30.0,30.0,30.0,0.0,0.0,0.0,0.0,0
222,3,JetBrains Mono,600,11.0,1,6.61,6.6,7.0,6.625,0.0,0.0,0.0,0.0,0
230,8,JetBrains Mono,600,12.0,1,7.2,7.2,7.0,7.1875,0.0,0.0,0.0,0.0,0
270,Covenant Acolyte,Cinzel,600,20.0,16,204.42,204.42,204.0,204.3125,0.7,0.46,1.88,-1.9,8
272,Worker · carrying 10 gold,Inter,400,13.0,25,154.25,154.248,156.0,154.4375,2.031,0.712,0.851,-0.216,6
276,220 / 220,JetBrains Mono,500,12.0,9,64.81,64.8,63.0,64.6875,1.6,0.4,0.4,0.0,0
282,Armour 1 · Damage 6–8 · Speed 2.8 · Carry 10 g,JetBrains Mono,500,12.0,46,331.2,331.2,322.0,330.625,9.0,1.0,1.0,0.0,0
386,Q,JetBrains Mono,600,10.0,1,6,6.0,6.0,6.0,0.0,0.0,0.0,0.0,0
393,150 g,JetBrains Mono,600,9.0,5,27,27.0,25.0,26.875,1.6,0.4,0.4,0.0,0
396,W,JetBrains Mono,600,10.0,1,6,6.0,6.0,6.0,0.0,0.0,0.0,0.0,0
402,100 g,JetBrains Mono,600,9.0,5,27,27.0,25.0,26.875,1.6,0.4,0.4,0.0,0
405,E,JetBrains Mono,600,10.0,1,6,6.0,6.0,6.0,0.0,0.0,0.0,0.0,0
411,75 g,JetBrains Mono,600,9.0,4,21.61,21.6,20.0,21.5,1.2,0.4,0.4,0.0,0
418,R,JetBrains Mono,600,10.0,1,6,6.0,6.0,6.0,0.0,0.0,0.0,0.0,0
426,220 g,JetBrains Mono,600,9.0,5,27,27.0,25.0,26.875,1.6,0.4,0.4,0.0,0
433,A,JetBrains Mono,600,10.0,1,6,6.0,6.0,6.0,0.0,0.0,0.0,0.0,0
442,S,JetBrains Mono,600,10.0,1,6,6.0,6.0,6.0,0.0,0.0,0.0,0.0,0
448,D,JetBrains Mono,600,10.0,1,6,6.0,6.0,6.0,0.0,0.0,0.0,0.0,0
455,F,JetBrains Mono,600,10.0,1,6,6.0,6.0,6.0,0.0,0.0,0.0,0.0,0
462,Z,JetBrains Mono,600,10.0,1,6,6.0,6.0,6.0,0.0,0.0,0.0,0.0,0
469,X,JetBrains Mono,600,10.0,1,6,6.0,6.0,6.0,0.0,0.0,0.0,0.0,0
476,C,JetBrains Mono,600,10.0,1,6,6.0,6.0,6.0,0.0,0.0,0.0,0.0,0
483,V,JetBrains Mono,600,10.0,1,6,6.0,6.0,6.0,0.0,0.0,0.0,0.0,0
